batting_team,game_date,inning_num,score_diff,launch_angle,launch_speed,batted_ball_type,scoring_window,estimated_runner_delay,runner_behavior,total_play_time,runner_time_from_2b,runner_speed,fielder_arm_strength,des
SEA,2024-06-30,5,-2,44,101.8,fly_ball,3.826131481979405,6.448728652910358,tagged,10.492798148646072,6.666666666666667,27.0,87.2,Cal Raleigh singles on a sharp fly ball to right fielder Max Kepler. Josh Rojas to 3rd. Julio Rodríguez to 2nd.
AZ,2024-09-14,8,-8,66,91.8,high_fly,3.749453254404795,7.0,tagged,10.567635072586613,6.818181818181818,26.4,,Adrian Del Castillo singles on a fly ball to left fielder Isaac Collins. Jake McCarthy scores. Pavin Smith to 3rd. Randal Grichuk to 2nd.
MIL,2024-06-29,3,-1,56,75.8,high_fly,3.310893489340452,5.73057856750911,tagged,9.454238199238063,6.143344709897611,29.3,93.0,William Contreras singles on a fly ball to center fielder Pete Crow-Armstrong. Andruw Monasterio scores.
CHC,2024-08-22,3,4,62,85.8,high_fly,3.225444162584206,6.908396679711762,tagged,9.563472331598291,6.338028169014085,28.4,,Michael Busch singles on a fly ball to third baseman Jace Jung. Cody Bellinger to 3rd. Seiya Suzuki to 2nd.
CIN,2024-05-05,9,-11,47,78.7,fly_ball,3.180250245134852,5.248766443567348,tagged,9.430250245134852,6.25,28.8,,"Spencer Steer singles on a fly ball to second baseman Jordan Westburg, deflected by center fielder Ryan McKenna. Will Benson to 3rd. Elly De La Cruz to 2nd."
MIA,2024-04-21,5,1,36,97.3,fly_ball,2.9286604572769086,3.129232469901183,halfway,9.670233490984774,6.741573033707866,26.7,87.9,Bryan De La Cruz singles on a fly ball to center fielder Cody Bellinger. Luis Arraez to 3rd.
LAA,2024-05-19,7,-1,53,70.9,high_fly,2.8998827533448814,5.163568035722755,tagged,9.149882753344881,6.25,28.8,83.8,Mickey Moniak singles on a fly ball to left fielder Evan Carter. Willie Calhoun scores. Jo Adell to 3rd. Zach Neto to 2nd.
DET,2024-09-08,9,8,58,81.8,high_fly,2.7175169904360192,6.325994925569019,tagged,9.123210940613955,6.405693950177936,28.1,,"Parker Meadows singles on a fly ball to left fielder Seth Brown, deflected by third baseman Max Schuemann. Trey Sweeney to 3rd. Jake Rogers to 2nd."
TOR,2024-09-13,11,0,30,98.1,fly_ball,2.6248832453658526,2.683770124945608,halfway,9.053454673937281,6.428571428571429,28.0,85.3,Alejandro Kirk singles on a fly ball to left fielder Brendan Donovan. Vladimir Guerrero Jr. scores. Leo Jiménez to 3rd. Will Wagner to 2nd.
CWS,2024-04-14,7,-8,28,100.1,fly_ball,2.586159026359124,2.571281770583112,halfway,9.22822544702333,6.642066420664206,27.1,85.7,"Andrew Benintendi singles on a sharp fly ball to left fielder Spencer Steer, deflected by center fielder Will Benson. Paul DeJong scores. Nicky Lopez to 3rd. Robbie Grossman to 2nd."
SD,2024-05-19,4,3,50,68.7,high_fly,2.3863500307094165,4.799165817518223,tagged,8.746774058977968,6.360424028268551,28.3,89.2,Luis Arraez singles on a fly ball to left fielder Jarred Kelenic.
NYM,2024-09-18,4,4,41,78.6,fly_ball,2.318758034323425,4.702410244830313,tagged,8.70173675772768,6.382978723404255,28.2,89.6,Jose Iglesias singles on a fly ball to right fielder Dylan Crews. Harrison Bader to 3rd. Luisangel Acuña to 2nd.
MIL,2024-08-06,8,10,28,103.3,fly_ball,2.2927498506615027,2.653480588423931,halfway,9.110931668843321,6.818181818181818,26.4,89.2,"Brewers challenged (catch or drop), call on the field was overturned: Willy Adames singles on a fly ball to center fielder Jarred Kelenic. William Contreras to 3rd."
SD,2024-06-21,7,1,45,73.2,fly_ball,2.2632490247406345,4.720099299661136,tagged,8.76144397058901,6.498194945848375,27.7,83.5,Jackson Merrill singles on a fly ball to left fielder Christian Yelich. Jake Cronenworth to 3rd. Manny Machado to 2nd.
LAD,2024-04-05,1,0,29,93.7,fly_ball,2.230090573374559,2.4855192005541986,halfway,8.635784523552495,6.405693950177936,28.1,84.7,Will Smith singles on a fly ball to left fielder Ian Happ.   Shohei Ohtani to 3rd.    Freddie Freeman to 2nd.
PHI,2024-05-24,10,0,43,71.4,fly_ball,2.2230136799422127,4.440548258016681,tagged,8.40858069025149,6.185567010309278,29.1,97.4,Kody Clemens singles on a fly ball to center fielder Brenton Doyle. Bryson Stott to 3rd. Whit Merrifield to 2nd.
HOU,2024-09-21,2,0,37,70.7,fly_ball,2.1606919006937924,2.3280309035155846,halfway,8.389065603115938,6.228373702422146,28.9,83.6,Jose Altuve singles on a fly ball to center fielder Mickey Moniak. Victor Caratini scores. Jake Meyers to 3rd. Mauricio Dubón to 2nd.
CHC,2024-08-22,2,0,40,69.5,fly_ball,2.1190910975378072,4.07387175526858,tagged,8.479515125806358,6.360424028268551,28.3,85.0,Dansby Swanson singles on a fly ball to center fielder Matt Vierling. Seiya Suzuki to 3rd. Nico Hoerner to 2nd.
CIN,2024-08-08,10,5,40,77.3,fly_ball,2.1043826440911175,4.53108326161527,tagged,8.673725709784549,6.569343065693431,27.4,,Noelvi Marte singles on a fly ball to left fielder David Hensley. Spencer Steer scores. Jeimer Candelario to 3rd. Jake Fraley to 2nd.
NYM,2024-07-23,5,-1,26,99.3,fly_ball,2.0453504559682907,2.381757340833715,halfway,8.889456919846618,6.844106463878327,26.3,88.1,Tyrone Taylor singles on a fly ball to center fielder Aaron Judge. Jeff McNeil to 3rd. Luis Torrens to 2nd.
COL,2024-04-21,6,0,39,70.7,fly_ball,2.034457868733022,2.434431282394861,halfway,8.177802578630633,6.143344709897611,29.3,,"Jake Cave singles on a fly ball to shortstop J. P. Crawford, deflected by left fielder Jonatan Clase. Brenton Doyle to 3rd. Brendan Rodgers to 2nd."
CIN,2024-06-28,5,-1,41,68.4,fly_ball,1.97551389339581,4.092173800844699,tagged,8.22551389339581,6.25,28.8,87.5,Stuart Fairchild singles on a fly ball to right fielder Alec Burleson. Will Benson to 3rd.
PHI,2024-08-16,9,0,27,92.5,fly_ball,1.9695530872433151,2.2977078077357054,halfway,8.515007632697861,6.545454545454546,27.5,83.3,Trea Turner singles on a fly ball to left fielder James Wood. Brandon Marsh scores. Cal Stevenson to 3rd. Kyle Schwarber to 2nd.
BAL,2024-07-29,5,4,42,67.4,fly_ball,1.9509312215965222,4.1126887554060545,tagged,8.311355249865073,6.360424028268551,28.3,86.8,James McCann singles on a fly ball to right fielder George Springer. Cedric Mullins to 3rd.
SEA,2024-04-06,3,0,47,67.3,fly_ball,1.9408240114222624,4.488462282745648,tagged,8.60749067808893,6.666666666666667,,83.5,J.P. Crawford singles on a fly ball to left fielder Christian Yelich. Samad Taylor to 3rd.
PHI,2024-04-10,6,2,37,70.9,fly_ball,1.9140339774653352,2.3346165637801266,halfway,8.29701270086959,6.382978723404255,28.2,85.1,Johan Rojas singles on a fly ball to center fielder Victor Scott II. Brandon Marsh to 3rd. Nick Castellanos to 2nd.
COL,2024-04-12,7,6,50,68.6,high_fly,1.9087023591175072,4.792180132194324,tagged,8.778931366751095,6.870229007633588,26.2,86.8,Brendan Rodgers singles on a fly ball to right fielder George Springer. Elehuris Montero to 3rd.
COL,2024-04-23,2,-2,43,73.9,fly_ball,1.891142988334833,4.596029639599897,tagged,8.761371995968421,6.870229007633588,26.2,87.2,Nolan Jones singles on a fly ball to left fielder Jurickson Profar. Elias Díaz scores.
CHC,2024-07-27,9,3,40,73.1,fly_ball,1.8903567942013977,4.284892450505513,tagged,8.36517693808629,6.474820143884892,27.8,91.1,David Bote singles on a fly ball to right fielder Hunter Renfroe. Mike Tauchman scores. Dansby Swanson to 3rd.
PHI,2024-09-29,5,1,43,71.3,fly_ball,1.8782698502659798,4.434329002753351,tagged,8.376464796114355,6.498194945848375,27.7,89.6,Garrett Stubbs singles on a fly ball to right fielder Dylan Crews. Kody Clemens to 3rd. Edmundo Sosa to 2nd.
KC,2024-05-08,8,3,45,71.5,fly_ball,1.8294613479323125,4.610479507182666,tagged,8.571034381640178,6.741573033707866,26.7,84.7,Garrett Hampson singles on a fly ball to left fielder Jackson Chourio. Hunter Renfroe to 3rd. Adam Frazier to 2nd.
STL,2024-07-02,4,2,42,72.3,fly_ball,1.8270110081987605,4.411682448306495,tagged,8.493677674865427,6.666666666666667,27.0,88.2,Matt Carpenter singles on a fly ball to left fielder Bryan Reynolds. Brendan Donovan to 3rd. Nolan Arenado to 2nd.
LAD,2024-03-30,2,0,37,70.4,fly_ball,1.820518291158308,2.3181524131187716,halfway,8.070518291158308,6.25,28.8,85.3,Gavin Lux singles on a fly ball to left fielder Brendan Donovan.   James Outman to 3rd.
LAA,2024-09-28,6,4,45,74.7,fly_ball,1.8083861092184215,4.816822645965667,tagged,8.731463032295345,6.923076923076923,26.0,85.8,Taylor Ward singles on a fly ball to right fielder Travis Jankowski. Niko Kavadas to 3rd. Michael Stefanic to 2nd.
AZ,2024-07-23,1,0,30,71.7,fly_ball,1.8080143356109923,1.9615322931559644,halfway,7.889095416692073,6.081081081081081,29.6,83.9,Joc Pederson singles on a fly ball to center fielder Garrett Hampson. Corbin Carroll to 3rd. Ketel Marte to 2nd.
KC,2024-04-06,7,2,49,73.1,fly_ball,1.7796407314047782,5.03097653702092,tagged,7.819909187780617,6.040268456375839,29.8,,Maikel Garcia singles on a pop up to second baseman Lenyn Sosa. Dairon Blanco scores. Garrett Hampson to 3rd. Kyle Isbel to 2nd.
MIL,2024-06-29,4,-1,38,64.5,fly_ball,1.7135751457735662,2.172741180612673,halfway,7.774181206379627,6.0606060606060606,29.7,89.4,Rhys Hoskins singles on a fly ball to right fielder Seiya Suzuki. Jackson Chourio to 3rd.
TB,2024-07-25,6,3,37,65.1,fly_ball,1.6799943299700457,2.1436324161084093,halfway,7.886890881694184,6.206896551724138,29.0,84.5,Jonny DeLuca singles on a fly ball to left fielder Davis Schneider. Amed Rosario to 3rd. Taylor Walls to 2nd.
SEA,2024-05-20,9,-2,29,75.5,fly_ball,1.6781291630255755,2.0027395906279826,halfway,7.906502865447721,6.228373702422146,28.9,88.1,Mitch Haniger singles on a line drive to center fielder Aaron Judge.   Cal Raleigh scores.    Luke Raley to 3rd.
CIN,2024-09-08,5,0,43,63.9,fly_ball,1.646613659277464,3.9741041132670287,tagged,8.007037687546015,6.360424028268551,28.3,91.0,Santiago Espinal singles on a pop up to right fielder Starling Marte. Jake Fraley to 3rd.
SEA,2024-08-14,8,1,31,71.7,fly_ball,1.6293786468455718,2.020527632281904,halfway,8.035072597023508,6.405693950177936,28.1,,Julio Rodríguez singles on a fly ball to left fielder Justyn-Henry Malloy. Victor Robles scores. Randy Arozarena to 3rd. Cal Raleigh to 2nd.
STL,2024-09-13,1,0,31,68.6,fly_ball,1.6198989452508794,1.9331686969949595,halfway,7.869898945250879,6.25,28.8,84.6,Paul Goldschmidt singles on a fly ball to center fielder Joey Loperfido. Masyn Winn to 3rd. Alec Burleson to 2nd.
PIT,2024-09-18,4,-2,28,76.7,fly_ball,1.6152654348151563,1.9702029151221248,halfway,7.843639137237302,6.228373702422146,28.9,86.9,Jared Triolo singles on a line drive to center fielder Michael Siani. Nick Yorke to 3rd.
LAA,2024-04-03,1,0,33,76.1,fly_ball,1.5504068113614649,2.2677737491763077,halfway,8.24185662548786,6.691449814126394,26.9,86.9,Mike Trout singles on a fly ball to center fielder Jazz Chisholm Jr.  Luis Rengifo to 3rd.
TB,2024-08-21,5,-1,30,75.2,fly_ball,1.5325516902021032,2.057283520855349,halfway,7.892975718470654,6.360424028268551,28.3,89.3,Jose Siri singles on a fly ball to center fielder JJ Bleday. José Caballero to 3rd.
TEX,2024-07-07,5,7,35,67.1,fly_ball,1.498780445269901,2.105814558925368,halfway,7.814569918954112,6.315789473684211,28.5,86.7,Derek Hill singles on a fly ball to right fielder Josh Lowe. Jonah Heim scores. Leody Taveras to 3rd. Travis Jankowski to 2nd.
CHC,2024-04-21,4,-2,36,66.4,fly_ball,1.492809942528953,2.135467995903788,halfway,7.830838111543038,6.338028169014085,28.4,85.4,Cody Bellinger singles on a fly ball to left fielder Nick Gordon. Alexander Canario scores. Nico Hoerner to 3rd. Cody Bellinger to 2nd.
MIL,2024-08-24,9,4,42,67.2,fly_ball,1.4685298376923015,4.1004849312060365,tagged,8.037872903385733,6.569343065693431,27.4,93.2,Rhys Hoskins singles on a fly ball to left fielder Miguel Andujar. William Contreras scores. Willy Adames to 3rd.
NYY,2024-05-20,7,3,39,68.3,fly_ball,1.4495631252689014,2.3517914651707073,halfway,8.165981035716662,6.716417910447761,26.8,91.0,Alex Verdugo singles on a fly ball to center fielder Julio Rodríguez.   Juan Soto to 3rd.    Aaron Judge to 2nd.
MIN,2024-07-22,8,3,41,63.9,fly_ball,1.4455041331489555,3.8229518402628115,tagged,8.161922043596716,6.716417910447761,26.8,82.3,Ryan Jeffers singles on a fly ball to right fielder Nick Castellanos. Max Kepler to 3rd. Edouard Julien to 2nd.
STL,2024-05-19,7,-8,39,69.7,fly_ball,1.4444746974391274,2.3999980252181303,halfway,8.288581161317454,6.844106463878327,26.3,88.2,Alec Burleson singles on a fly ball to center fielder Jarren Duran. Paul Goldschmidt to 3rd. Nolan Arenado to 2nd.
PHI,2024-08-14,2,-3,27,75.5,fly_ball,1.4378857212332559,1.8754263728004945,halfway,7.6234527315425336,6.185567010309278,29.1,88.6,J.T. Realmuto singles on a line drive to center fielder Derek Hill. Bryson Stott to 3rd.
LAA,2024-07-02,5,-4,37,73.2,fly_ball,1.419614243520165,2.410351656822359,halfway,8.342691166597088,6.923076923076923,26.0,89.3,Jo Adell singles on a fly ball to center fielder JJ Bleday. Brandon Drury to 3rd.
STL,2024-09-13,1,0,40,69.0,fly_ball,1.4157990176140842,4.044563325374561,tagged,8.474622547025849,7.0588235294117645,25.5,84.6,Nolan Arenado singles on a fly ball to center fielder Joey Loperfido. Masyn Winn scores. Alec Burleson to 3rd. Paul Goldschmidt to 2nd.
ATL,2024-06-21,2,3,27,80.5,fly_ball,1.4130920475387958,1.9996267948402622,halfway,7.887912191423688,6.474820143884892,27.8,84.7,Jarred Kelenic singles on a line drive to right fielder Juan Soto. Adam Duvall scores. Ramón Laureano to 3rd.
SD,2024-07-28,9,-3,33,69.5,fly_ball,1.3950320806093837,2.0710942912976793,halfway,8.086481894735778,6.691449814126394,26.9,84.2,Luis Arraez singles on a fly ball to center fielder Cedric Mullins. David Peralta to 3rd. Ha-Seong Kim to 2nd.
BAL,2024-09-28,4,6,55,73.0,high_fly,1.3923285693863354,5.453087062532009,tagged,8.159245862619418,6.7669172932330826,26.6,,Ryan O'Hearn singles on a fly ball to third baseman Kyle Farmer. Adley Rutschman to 3rd.
MIN,2024-05-29,2,0,26,76.8,fly_ball,1.3309720192064605,1.8420842273517555,halfway,7.782584922432267,6.451612903225807,27.9,84.1,Carlos Santana singles on a line drive to center fielder Kyle Isbel. Willi Castro to 3rd.
TB,2024-07-06,7,-2,25,74.4,fly_ball,1.3210817492487505,1.7203923287388438,halfway,7.361350205624589,6.040268456375839,29.8,91.3,Taylor Walls singles on a line drive to center fielder Leody Taveras. Jonny DeLuca to 3rd. Taylor Walls to 2nd.
SEA,2024-09-06,9,2,43,70.4,fly_ball,1.3015979879533202,4.3783557053833935,tagged,8.171826995586908,6.870229007633588,26.2,94.2,Julio Rodríguez singles on a fly ball to right fielder Jordan Walker. Mitch Haniger to 3rd.
HOU,2024-09-07,3,-2,29,71.0,fly_ball,1.2964874331058107,1.8833710057561162,halfway,7.938553853770017,6.642066420664206,27.1,80.3,Yordan Alvarez singles on a fly ball to center fielder Jake McCarthy. Jose Altuve to 3rd.
KC,2024-05-15,6,-2,34,75.6,fly_ball,1.272998540414135,2.313075183614243,halfway,8.039915833647218,6.7669172932330826,26.6,90.2,Adam Frazier singles on a fly ball to left fielder Dominic Canzone. Freddy Fermin to 3rd. Kyle Isbel to 2nd.
WSH,2024-05-25,7,0,37,73.0,fly_ball,1.270147653611108,2.4037659965578166,halfway,8.166699377749039,6.896551724137931,26.1,,Keibert Ruiz singles on a soft fly ball to left fielder Dylan Moore. Jesse Winker to 3rd.
TEX,2024-08-13,6,-5,25,81.5,fly_ball,1.2654715217510262,1.8845695536588138,halfway,7.581260995435237,6.315789473684211,28.5,92.1,Josh Smith singles on a line drive to center fielder Ceddanne Rafaela. Leody Taveras scores. Marcus Semien to 3rd. Corey Seager to 2nd.
NYY,2024-06-28,9,4,27,73.9,fly_ball,1.2596688852900506,1.8356822377477686,halfway,7.781408015724833,6.521739130434782,27.6,83.7,Juan Soto singles on a fly ball to center fielder Daulton Varsho. Jahmai Jones to 3rd. Anthony Volpe to 2nd.
LAA,2024-07-06,3,3,28,72.6,fly_ball,1.2556542992795041,1.8648856797635758,halfway,7.66134824945744,6.405693950177936,28.1,87.9,Zach Neto singles on a fly ball to center fielder Cody Bellinger. Willie Calhoun scores. Logan O'Hoppe to 3rd.
ATH,2024-07-06,2,6,30,74.6,fly_ball,1.2540133481929496,2.040869024678311,halfway,8.020930641426032,6.7669172932330826,26.6,84.2,Shea Langeliers singles on a fly ball to center fielder Cedric Mullins. Daz Cameron scores. Miguel Andujar to 3rd. Brent Rooker to 2nd.
NYY,2024-08-25,5,1,41,69.8,fly_ball,1.2531986371182908,4.175931744136842,tagged,7.969616547566051,6.716417910447761,26.8,97.7,Giancarlo Stanton singles on a fly ball to left fielder Nolan Jones. Juan Soto to 3rd. Aaron Judge to 2nd.
HOU,2024-05-19,5,4,26,74.3,fly_ball,1.2344354701773437,1.782120548075982,halfway,7.274703926553182,6.040268456375839,29.8,87.2,Jake Meyers singles on a fly ball to right fielder Sal Frelick. Jeremy Peña to 3rd. Jon Singleton to 2nd.
NYM,2024-06-23,2,0,38,72.2,fly_ball,1.2204010063194062,2.432122685895116,halfway,8.197145192365918,6.976744186046512,25.8,93.0,"DJ Stewart singles on a fly ball to center fielder Pete Crow-Armstrong. Francisco Alvarez out at 3rd on the throw, center fielder Pete Crow-Armstrong to third baseman Christopher Morel."
WSH,2024-03-30,4,0,51,76.1,high_fly,1.2169143695293752,5.393147563082385,tagged,8.27573789894114,7.0588235294117645,25.5,,Keibert Ruiz singles on a pop up to shortstop Elly De La Cruz. Jesse Winker scores.
DET,2024-07-07,7,1,26,68.4,fly_ball,1.2154396227215525,1.6406062649851572,halfway,7.4654396227215525,6.25,28.8,,Colt Keith singles on a fly ball to center fielder Blake Dunn. Jake Rogers scores. Matt Vierling to 3rd.
MIA,2024-07-28,5,-3,27,74.5,fly_ball,1.2109310052664322,1.8505862883925408,halfway,7.548959174280517,6.338028169014085,28.4,,Josh Bell singles on a fly ball to left fielder Jake Bauers. Xavier Edwards to 3rd.
COL,2024-06-05,7,1,33,68.4,fly_ball,1.1875689684264952,2.0383143816512415,halfway,7.756912034119926,6.569343065693431,27.4,85.7,Ezequiel Tovar singles on a fly ball to right fielder Will Benson. Charlie Blackmon to 3rd.
CLE,2024-08-25,7,1,30,70.4,fly_ball,1.1751573653086762,1.92596755143905,halfway,7.580851315486612,6.405693950177936,28.1,84.5,Will Brennan singles on a fly ball to left fielder Robbie Grossman. Jhonkensy Noel to 3rd.
CHC,2024-04-19,3,3,30,69.5,fly_ball,1.1702910900115642,1.9013458071734939,halfway,7.763697683418157,6.593406593406593,27.3,86.9,Garrett Cooper singles on a fly ball to center fielder Jazz Chisholm Jr. Cody Bellinger scores. Christopher Morel to 3rd. Dansby Swanson to 2nd.
MIN,2024-07-28,9,4,28,73.0,fly_ball,1.1664067955966004,1.8751605319936784,halfway,7.526830823865152,6.360424028268551,28.3,,Ryan Jeffers singles on a fly ball to left fielder Justyn-Henry Malloy. Willi Castro scores. Austin Martin to 3rd. Royce Lewis to 2nd.
LAD,2024-05-24,2,-1,28,72.0,fly_ball,1.1483676509141567,1.8494734014184224,halfway,7.5540616010920925,6.405693950177936,28.1,,Andy Pages singles on a fly ball to right fielder Jacob Hurtubise. Chris Taylor to 3rd.
CWS,2024-09-02,1,0,35,68.9,fly_ball,1.1434960551213313,2.162304368255706,halfway,7.785562475785538,6.642066420664206,27.1,86.9,Corey Julks singles on a fly ball to right fielder Austin Slater. Nicky Lopez to 3rd. Corey Julks to 2nd.
BAL,2024-07-28,3,1,30,80.6,fly_ball,1.1377515233874718,2.205013986448685,halfway,8.060828446464395,6.923076923076923,26.0,87.2,Ryan O'Hearn singles on a fly ball to left fielder Jurickson Profar. Colton Cowser scores. Anthony Santander to 3rd. Gunnar Henderson to 2nd.
MIL,2024-04-13,3,-3,35,70.9,fly_ball,1.1357094119249052,2.2250708230671923,halfway,7.9538912301067235,6.818181818181818,26.4,87.1,"Willy Adames singles on a fly ball to second baseman Jorge Mateo, deflected by right fielder Anthony Santander. William Contreras to 3rd. Sal Frelick to 2nd."
ATH,2024-07-06,2,6,25,72.9,fly_ball,1.1337866413844724,1.6857069995303993,halfway,7.471814810398557,6.338028169014085,28.4,79.3,Brent Rooker singles on a line drive to right fielder Ryan O'Hearn. Daz Cameron to 3rd. Miguel Andujar to 2nd.
CIN,2024-07-12,6,4,25,76.8,fly_ball,1.1162702836515477,1.7758888554723546,halfway,7.366270283651548,6.25,28.8,85.4,"Elly De La Cruz singles on a line drive to left fielder Nick Gordon.  Jonathan India out at 3rd on the throw, left fielder Nick Gordon to third baseman Emmanuel Rivera to second baseman Vidal Bruján.   Will Benson to 3rd."
SD,2024-05-31,6,1,26,77.5,fly_ball,1.114557713881993,1.858874057548972,halfway,7.452585882896078,6.338028169014085,28.4,91.1,Jurickson Profar singles on a line drive to right fielder Hunter Renfroe. Luis Arraez scores. Fernando Tatis Jr. to 3rd.
NYM,2024-08-14,7,2,26,80.7,fly_ball,1.107505828799245,1.9356275670219616,halfway,7.798955642925639,6.691449814126394,26.9,89.3,Francisco Lindor singles on a line drive to center fielder JJ Bleday. Mark Vientos scores. Ben Gamel to 3rd. Francisco Alvarez to 2nd.
MIN,2024-04-24,2,0,29,71.5,fly_ball,1.0851161977439547,1.8966341818529902,halfway,7.445540226012506,6.360424028268551,28.3,88.6,Christian Vázquez singles on a fly ball to right fielder Gavin Sheets. Carlos Santana scores. Austin Martin to 3rd.
CIN,2024-09-11,5,0,23,73.6,line_drive,1.082709825730543,1.2,halfway,7.332709825730543,6.25,28.8,86.9,Jonathan India singles on a line drive to center fielder Michael Siani. Noelvi Marte to 3rd.
BOS,2024-07-27,2,-1,20,79.5,line_drive,1.0799536995134336,1.2,halfway,7.329953699513434,6.25,28.8,84.8,Jarren Duran singles on a line drive to center fielder Trent Grisham. David Hamilton scores. Ceddanne Rafaela to 3rd. Jarren Duran to 2nd.
COL,2024-04-13,4,-4,34,79.1,fly_ball,1.0742370196770583,2.4201619976704576,halfway,8.451286200004928,7.3770491803278695,24.4,84.5,Elehuris Montero singles on a fly ball to left fielder Davis Schneider. Elias Díaz to 3rd. Nolan Jones to 2nd.
PHI,2024-07-10,2,1,28,70.2,fly_ball,1.049050957010638,1.8032365663829617,halfway,7.432029680414893,6.382978723404255,28.2,92.6,Edmundo Sosa singles on a fly ball to center fielder Andy Pages. Brandon Marsh to 3rd.
CIN,2024-06-03,6,5,29,73.8,fly_ball,1.036380656512038,1.9576447918986106,halfway,7.605723722205469,6.569343065693431,27.4,85.9,Jonathan India singles on a fly ball to left fielder Sean Bouchard. Nick Martini to 3rd.
STL,2024-06-04,4,-5,29,66.1,fly_ball,1.0356678483884174,1.75339188000675,halfway,7.6290744417950105,6.593406593406593,27.3,84.7,Masyn Winn singles on a fly ball to center fielder Jake Meyers. Iván Herrera to 3rd.
LAD,2024-06-11,1,0,28,74.1,fly_ball,1.0255805734952261,1.9034163756264597,halfway,7.431274523673162,6.405693950177936,28.1,89.9,Freddie Freeman singles on a fly ball to right fielder Adolis García.
NYY,2024-07-30,12,0,34,70.0,fly_ball,1.0233043773422832,2.1417362811242997,halfway,7.764877411050149,6.741573033707866,26.7,90.1,Jazz Chisholm Jr. singles on a fly ball to left fielder Austin Hays. Austin Wells to 3rd.
BAL,2024-07-30,3,2,29,75.1,fly_ball,1.02211759852816,1.992129049750483,halfway,7.405096321932415,6.382978723404255,28.2,96.3,Gunnar Henderson singles on a line drive to right fielder Addison Barger. Colton Cowser to 3rd. Adley Rutschman to 2nd.
SD,2024-04-21,5,0,25,74.6,fly_ball,1.0202438217894665,1.7250170392999693,halfway,7.336033295473677,6.315789473684211,28.5,83.7,Xander Bogaerts singles on a line drive to left fielder Daulton Varsho. Jackson Merrill to 3rd. Tyler Wade to 2nd.
SF,2024-09-11,2,4,33,77.5,fly_ball,1.0105130993610478,2.3094936341808654,halfway,8.153370242218191,7.142857142857143,25.2,84.7,Brett Wisely singles on a fly ball to left fielder Jackson Chourio. Patrick Bailey to 3rd.
PIT,2024-04-14,6,-1,34,68.5,fly_ball,1.0096962040275264,2.095841932243064,halfway,7.827878022209345,6.818181818181818,26.4,91.4,Andrew McCutchen singles on a fly ball to center fielder Johan Rojas. Ke'Bryan Hayes to 3rd. Rowdy Tellez to 2nd.
MIA,2024-09-06,9,-15,25,73.7,fly_ball,1.0054139373249003,1.7042058417749029,halfway,7.277190940809221,6.2717770034843205,28.7,,Cristian Pache singles on a line drive to left fielder Weston Wilson. David Hensley scores. Otto Lopez to 3rd. Kyle Stowers to 2nd.
STL,2024-04-27,1,0,33,69.2,fly_ball,1.0046854453150198,2.0621543159395594,halfway,7.671352111981687,6.666666666666667,27.0,87.6,Willson Contreras singles on a fly ball to right fielder DJ Stewart. Brendan Donovan to 3rd.
SF,2024-05-04,3,-9,24,77.4,line_drive,0.9996722204433626,1.2,halfway,7.497867166291738,6.498194945848375,27.7,82.3,Austin Slater singles on a line drive to right fielder Nick Castellanos. Nick Ahmed to 3rd.
PHI,2024-08-03,4,1,27,75.6,fly_ball,0.9892887530288412,1.8779103812412896,halfway,7.558631818722272,6.569343065693431,27.4,92.2,Brandon Marsh singles on a fly ball to center fielder Victor Robles. Bryce Harper to 3rd.
MIA,2024-05-04,4,-12,26,79.2,fly_ball,0.9887304777743351,1.8996493594564976,halfway,7.534185023228881,6.545454545454546,27.5,87.3,Josh Bell singles on a line drive to right fielder Tyler Nevin. Bryan De La Cruz to 3rd.
CLE,2024-08-30,8,1,30,69.3,fly_ball,0.9884913454359534,1.8958743084478147,halfway,7.371470068840209,6.382978723404255,28.2,90.3,David Fry singles on a fly ball to right fielder Bryan De La Cruz. Lane Thomas scores. José Ramírez to 3rd.
TEX,2024-04-02,7,-5,30,71.3,fly_ball,0.9763148989520127,1.9505892957046058,halfway,7.692732809399773,6.716417910447761,26.8,82.0,Jared Walsh singles on a fly ball to left fielder Randy Arozarena.   Adolis García to 3rd.
CLE,2024-07-09,10,0,26,72.7,fly_ball,0.9729413406861598,1.7437437933394873,halfway,7.615007761350366,6.642066420664206,27.1,85.0,Josh Naylor singles on a fly ball to center fielder Matt Vierling. Bo Naylor scores. Steven Kwan to 3rd. José Ramírez to 2nd.
COL,2024-09-24,8,-4,29,72.4,fly_ball,0.907839773186442,1.9205078988273634,halfway,7.477182838879873,6.569343065693431,27.4,88.2,Ezequiel Tovar singles on a fly ball to right fielder Lars Nootbaar. Charlie Blackmon to 3rd.
TOR,2024-05-11,7,0,24,74.8,line_drive,0.8958054941598412,1.2,halfway,7.370625638044733,6.474820143884892,27.8,89.7,Ernie Clement singles on a line drive to center fielder Willi Castro.   Danny Jansen scores.    Isiah Kiner-Falefa to 3rd.    George Springer to 2nd.
LAA,2024-09-22,9,-1,18,85.9,line_drive,0.8954270346478959,0.6,halfway,7.301120984825832,6.405693950177936,28.1,84.7,Nolan Schanuel singles on a line drive to center fielder Jake Meyers. Logan O'Hoppe to 3rd. Kevin Pillar to 2nd.
CIN,2024-05-23,2,-3,23,82.9,line_drive,0.895239347137279,0.6,halfway,7.46458241283071,6.569343065693431,27.4,83.2,Luke Maile singles on a line drive to right fielder David Peralta. Nick Martini to 3rd. Jonathan India to 2nd.
CHC,2024-09-16,3,4,17,89.9,line_drive,0.8930508758063294,0.6,halfway,6.893050875806329,6.0,30.0,87.3,Miguel Amaya singles on a line drive to left fielder Tyler Nevin. Nico Hoerner scores. Pete Crow-Armstrong to 3rd.
TB,2024-09-04,8,4,20,76.5,line_drive,0.8928246991822499,1.2,halfway,7.253248727450801,6.360424028268551,28.3,,Ben Rortvedt singles on a line drive to center fielder Michael Helman. José Caballero to 3rd.
COL,2024-04-17,8,-6,16,91.9,line_drive,0.8915308948702814,0.6,halfway,7.034875604767892,6.143344709897611,29.3,82.3,Elias Díaz singles on a line drive to right fielder Nick Castellanos. Brenton Doyle to 3rd. Ryan McMahon to 2nd.
MIA,2024-05-26,9,2,25,80.7,fly_ball,0.887574768442196,1.8660707114143102,halfway,7.505221827265726,6.61764705882353,27.2,86.3,Bryan De La Cruz singles on a line drive to right fielder Randal Grichuk. Jesús Sánchez to 3rd.
PHI,2024-07-19,6,3,29,74.3,fly_ball,0.8811650412990337,1.9709079679954848,halfway,7.725271505177361,6.844106463878327,26.3,,Edmundo Sosa singles on a fly ball to right fielder Joshua Palacios. Alec Bohm to 3rd. Nick Castellanos to 2nd.
CHC,2024-09-28,8,0,19,84.5,line_drive,0.8774982811408352,0.6,halfway,7.352318425025727,6.474820143884892,27.8,85.4,Cody Bellinger singles on a line drive to center fielder TJ Friedl. Dansby Swanson to 3rd. Cody Bellinger to 2nd.
CIN,2024-08-06,8,5,18,96.8,line_drive,0.8728608815410634,0.6,halfway,7.1228608815410634,6.25,28.8,87.8,Elly De La Cruz singles on a line drive to right fielder Kyle Stowers. Noelvi Marte to 3rd.
SD,2024-03-28,5,0,26,71.0,fly_ball,0.8671291002019279,1.7029684914319616,halfway,7.227553128470479,6.360424028268551,28.3,86.9,Luis Campusano singles on a fly ball to right fielder Mike Yastrzemski. Ha-Seong Kim to 3rd. Jurickson Profar to 2nd.
MIL,2024-08-22,1,0,19,84.6,line_drive,0.8668035774714262,0.6,halfway,6.927409638077487,6.0606060606060606,29.7,88.4,William Contreras singles on a line drive to left fielder Tommy Pham. Jackson Chourio to 3rd.
BOS,2024-08-13,8,2,23,74.5,line_drive,0.8647403716954711,1.2,halfway,7.202768540709556,6.338028169014085,28.4,91.3,Wilyer Abreu singles on a line drive to center fielder Leody Taveras. Connor Wong to 3rd.
ATL,2024-08-08,8,-8,15,96.4,line_drive,0.8643516441696892,0.6,halfway,6.94543272525077,6.081081081081081,29.6,89.7,Austin Riley singles on a line drive to center fielder Garrett Mitchell. Eli White to 3rd.
LAD,2024-04-08,6,-1,18,89.1,line_drive,0.8626924876573714,0.6,halfway,7.268386437835307,6.405693950177936,28.1,79.0,Freddie Freeman singles on a line drive to right fielder Manuel Margot. Shohei Ohtani to 3rd.
NYM,2024-05-18,5,1,21,86.0,line_drive,0.8563494891084247,0.6,halfway,7.2849209176798535,6.428571428571429,28.0,85.4,Starling Marte singles on a line drive to left fielder Nick Gordon. Brandon Nimmo to 3rd. Mark Vientos to 2nd.
DET,2024-05-11,2,0,25,79.2,fly_ball,0.8516775570207464,1.8313853822058657,halfway,7.349872502869122,6.498194945848375,27.7,88.9,Jake Rogers singles on a line drive to left fielder Mauricio Dubón. Colt Keith to 3rd. Zach McKinstry to 2nd.
MIL,2024-09-28,8,3,34,63.6,fly_ball,0.8357977061074742,1.9459203925643633,halfway,7.6539795242892925,6.818181818181818,26.4,90.8,Jake Bauers singles on a fly ball to center fielder Tyrone Taylor. William Contreras to 3rd. Willy Adames to 2nd.
SEA,2024-08-21,2,0,24,76.1,line_drive,0.8319730043790567,1.2,halfway,7.2376669545569925,6.405693950177936,28.1,94.6,Justin Turner singles on a line drive to center fielder Kevin Kiermaier. Randy Arozarena to 3rd.
NYM,2024-07-10,6,2,17,87.3,line_drive,0.826196697216103,0.6,halfway,7.119902990922396,6.293706293706293,28.6,86.2,Tyrone Taylor singles on a line drive to center fielder Jacob Young.
BOS,2024-04-21,3,0,20,87.3,line_drive,0.8232732701735799,0.6,halfway,7.416679863580173,6.593406593406593,27.3,86.7,Wilyer Abreu singles on a line drive to center fielder Jack Suwinski.   Jarren Duran scores.    Rob Refsnyder to 3rd.
BAL,2024-06-12,3,0,23,75.1,line_drive,0.8182740728392748,1.2,halfway,7.178698101107826,6.360424028268551,28.3,,Jorge Mateo singles on a line drive to right fielder Brian Anderson. Cedric Mullins to 3rd.
MIL,2024-07-24,6,-1,26,63.0,fly_ball,0.8164322511852262,1.5110847177494868,halfway,7.385775316878657,6.569343065693431,27.4,84.1,Jake Bauers singles on a fly ball to center fielder Mike Tauchman. Willy Adames to 3rd. Jackson Chourio to 2nd.
BAL,2024-09-27,8,3,21,69.9,line_drive,0.8064792233389468,1.2,halfway,6.928928202930784,6.122448979591837,29.4,90.3,Cedric Mullins singles on a fly ball to center fielder Byron Buxton. Jackson Holliday to 3rd. Ryan Mountcastle to 2nd.
BAL,2024-04-09,9,5,18,99.3,line_drive,0.8064420707949704,0.6,halfway,7.448508491459177,6.642066420664206,27.1,92.1,Cedric Mullins singles on a line drive to center fielder Ceddanne Rafaela. Adley Rutschman scores. Austin Hays to 3rd. Ryan O'Hearn to 2nd.
ATL,2024-07-04,1,1,24,72.9,line_drive,0.8041974650435071,1.2,halfway,7.421844523867037,6.61764705882353,27.2,86.5,Matt Olson singles on a line drive to center fielder Heliot Ramos. Ozzie Albies to 3rd.
TOR,2024-06-29,5,2,19,99.2,line_drive,0.8019886910402629,0.6,halfway,7.395395284446856,6.593406593406593,27.3,,"Isiah Kiner-Falefa singles on a line drive to center fielder Trent Grisham, deflected by right fielder Oswaldo Cabrera. Bo Bichette to 3rd."
SEA,2024-05-31,1,0,29,71.6,fly_ball,0.800134821540559,1.8992868170723647,halfway,7.51655273198832,6.716417910447761,26.8,87.6,Josh Rojas singles on a fly ball to left fielder Taylor Ward. J.P. Crawford to 3rd.
LAD,2024-07-13,8,4,16,107.6,line_drive,0.7995183782454447,0.6,halfway,7.20521232842338,6.405693950177936,28.1,,Teoscar Hernández singles on a line drive to left fielder Justyn-Henry Malloy. Shohei Ohtani to 3rd.
MIA,2024-04-16,6,0,35,69.5,fly_ball,0.795183607976095,2.181134304699152,halfway,7.881797781204442,7.086614173228347,25.4,89.5,Jesús Sánchez singles on a fly ball to left fielder Michael Conforto.   Josh Bell to 3rd.
COL,2024-04-22,9,-2,19,84.9,line_drive,0.7848492857874261,0.6,halfway,7.4269157064516325,6.642066420664206,27.1,90.8,Ezequiel Tovar singles on a line drive to center fielder Jackson Merrill. Sean Bouchard to 3rd.
BAL,2024-09-28,2,4,18,87.4,line_drive,0.7809430211246822,0.6,halfway,6.9033920007165195,6.122448979591837,29.4,89.7,Adley Rutschman singles on a line drive to left fielder Willi Castro. Austin Slater scores. Jackson Holliday to 3rd.
TOR,2024-07-29,5,2,15,107.3,line_drive,0.7783113257106677,0.6,halfway,7.050088329194988,6.2717770034843205,28.7,93.1,George Springer singles on a sharp line drive to center fielder Colton Cowser. Leo Jiménez scores. Kevin Kiermaier to 3rd. Steward Berroa to 2nd.
SD,2024-09-18,2,0,16,87.6,line_drive,0.7772324425936112,0.6,halfway,7.093021916277822,6.315789473684211,28.5,84.7,Xander Bogaerts singles on a line drive to center fielder Jake Meyers. Jackson Merrill to 3rd.
LAD,2024-07-30,1,0,20,83.4,line_drive,0.7759703926149975,0.6,halfway,7.181664342792933,6.405693950177936,28.1,90.8,Will Smith singles on a line drive to center fielder Jackson Merrill. Shohei Ohtani to 3rd.
ATH,2024-06-01,2,0,21,81.7,line_drive,0.7722125227520227,0.6,halfway,7.043989526236343,6.2717770034843205,28.7,89.2,Aledmys Díaz singles on a line drive to left fielder Jarred Kelenic. Zack Gelof to 3rd.
NYY,2024-06-12,1,0,22,79.8,line_drive,0.771559702567453,1.2,halfway,7.065265996273746,6.293706293706293,28.6,90.0,Aaron Judge singles on a line drive to right fielder Nelson Velázquez. Anthony Volpe to 3rd. Juan Soto to 2nd.
MIA,2024-09-28,6,1,23,79.2,line_drive,0.7541850032830197,1.2,halfway,7.205797906508827,6.451612903225807,27.9,90.0,Griffin Conine singles on a line drive to left fielder Nathan Lukes. Jake Burger to 3rd. Jesús Sánchez to 2nd.
CLE,2024-05-18,3,2,21,78.3,line_drive,0.7520553671804873,1.2,halfway,7.1350340905847425,6.382978723404255,28.2,90.3,Andrés Giménez singles on a line drive to center fielder Byron Buxton. Tyler Freeman to 3rd.
MIA,2024-05-14,10,0,16,98.7,line_drive,0.749170504407938,0.6,halfway,7.294625049862484,6.545454545454546,27.5,85.0,Josh Bell singles on a line drive to center fielder Matt Vierling. Bryan De La Cruz to 3rd.
NYY,2024-06-15,8,-3,34,73.0,fly_ball,0.7479607360539626,2.2335249788867695,halfway,8.094899511564167,7.346938775510204,24.5,88.2,Austin Wells singles on a fly ball to center fielder Jarren Duran. Anthony Rizzo to 3rd. Gleyber Torres to 2nd.
TOR,2024-08-04,2,1,19,88.7,line_drive,0.746617148376485,0.6,halfway,7.175188576947914,6.428571428571429,28.0,88.1,Davis Schneider singles on a line drive to left fielder Aaron Judge. Addison Barger to 3rd.
SD,2024-04-15,5,-2,30,69.9,fly_ball,0.7438012313752287,1.9122888046248525,halfway,7.943801231375229,7.2,25.0,90.2,Xander Bogaerts singles on a fly ball to center fielder Blake Perkins. Luis Campusano to 3rd. Tyler Wade to 2nd.
ATH,2024-09-29,9,-4,23,79.1,line_drive,0.7432029738040882,1.2,halfway,7.312546039497519,6.569343065693431,27.4,92.2,Zack Gelof singles on a line drive to center fielder Victor Robles. Seth Brown to 3rd.
HOU,2024-04-09,1,0,29,72.8,fly_ball,0.7413778471718562,1.9311184397048624,halfway,7.383444267836063,6.642066420664206,27.1,91.5,Kyle Tucker singles on a fly ball to left fielder MJ Melendez. Jose Altuve to 3rd. Yordan Alvarez to 2nd.
HOU,2024-08-02,4,-2,15,94.3,line_drive,0.7340658530453323,0.6,halfway,6.774334309421171,6.040268456375839,29.8,93.5,Jon Singleton singles on a line drive to center fielder Jose Siri. Yainer Diaz scores. Jeremy Peña to 3rd.
COL,2024-07-07,3,-4,19,80.7,line_drive,0.7081888548395261,0.6,halfway,7.277531920532957,6.569343065693431,27.4,84.1,Aaron Schunk singles on a line drive to center fielder Kyle Isbel. Michael Toglia to 3rd.
CIN,2024-07-22,5,3,15,101.1,line_drive,0.7079367525968934,0.6,halfway,6.893503762906171,6.185567010309278,29.1,87.2,Will Benson singles on a sharp line drive to right fielder Adam Duvall. Stuart Fairchild to 3rd.
NYM,2024-06-12,7,2,19,97.3,line_drive,0.7055919052860826,0.6,halfway,7.602143629424013,6.896551724137931,26.1,86.9,Tyrone Taylor singles on a line drive to center fielder Jazz Chisholm Jr. Pete Alonso to 3rd. Starling Marte to 2nd.
NYY,2024-08-04,1,0,21,80.1,line_drive,0.7028650103449561,0.6,halfway,7.469782303578039,6.7669172932330826,26.6,83.7,Austin Wells singles on a line drive to center fielder Daulton Varsho. Gleyber Torres to 3rd. Juan Soto to 2nd.
SEA,2024-09-18,10,-1,20,78.4,line_drive,0.7011283523219403,1.2,halfway,6.782209433403021,6.081081081081081,29.6,92.1,Cal Raleigh singles on a line drive to left fielder Alex Verdugo. Julio Rodríguez to 3rd.
WSH,2024-05-26,7,-3,28,69.8,fly_ball,0.7002735480738123,1.7929617141528593,halfway,7.441846581781678,6.741573033707866,26.7,91.0,Keibert Ruiz singles on a fly ball to center fielder Julio Rodríguez. Ildemaro Vargas to 3rd. Nick Senzel to 2nd.
NYY,2024-06-19,10,-2,20,71.2,line_drive,0.6999573662263243,1.2,halfway,7.466874659459407,6.7669172932330826,26.6,84.2,DJ LeMahieu singles on a line drive to center fielder Cedric Mullins. Gleyber Torres to 3rd.
BAL,2024-04-13,3,1,31,71.2,fly_ball,0.6976466804048522,2.006437481429171,halfway,7.620723603481776,6.923076923076923,26.0,84.7,"Austin Hays singles on a fly ball to second baseman Brice Turang, deflected by right fielder Jackson Chourio. Anthony Santander to 3rd. Jordan Westburg to 2nd."
BOS,2024-08-26,1,0,12,92.8,line_drive,0.6948593348592738,0.4,hesitated,6.7759404159403545,6.081081081081081,29.6,84.6,Triston Casas singles on a line drive to center fielder Joey Loperfido. Jarren Duran to 3rd.
BAL,2024-06-21,3,-2,17,98.9,line_drive,0.6880580456177716,0.6,halfway,6.916431748039917,6.228373702422146,28.9,91.4,Adley Rutschman singles on a line drive to right fielder Trey Cabbage. Gunnar Henderson to 3rd.
TEX,2024-03-28,10,0,16,103.6,line_drive,0.6860388155406794,0.6,halfway,7.40245672598844,6.716417910447761,26.8,87.9,Jonah Heim singles on a sharp line drive to center fielder Cody Bellinger.   Josh Jung scores.    Adolis García to 3rd.    Wyatt Langford to 2nd.
PHI,2024-04-17,2,3,13,96.8,line_drive,0.6705973706397677,0.4,hesitated,6.650663815822492,5.980066445182724,30.1,,Trea Turner singles on a line drive to right fielder Michael Toglia. Johan Rojas to 3rd.
NYM,2024-05-03,5,-6,14,100.7,line_drive,0.6698591864755592,0.4,hesitated,6.898232888897705,6.228373702422146,28.9,90.2,Tomás Nido singles on a sharp line drive to center fielder Jonny DeLuca. Tyrone Taylor to 3rd.
LAA,2024-09-22,7,-2,24,69.8,line_drive,0.6685795404031545,1.2,halfway,6.962285834109448,6.293706293706293,28.6,89.9,Logan O'Hoppe singles on a line drive to right fielder Jason Heyward. Mickey Moniak to 3rd.
ATH,2024-09-11,5,-1,23,80.2,line_drive,0.6649744931151025,0.6,halfway,7.3316411597817694,6.666666666666667,27.0,87.7,JJ Bleday singles on a line drive to right fielder Ben Gamel. Ryan Noda to 3rd. Lawrence Butler to 2nd.
LAD,2024-07-10,4,-2,14,107.3,line_drive,0.6643949133445046,0.4,hesitated,6.958101207050798,6.293706293706293,28.6,83.5,Andy Pages singles on a sharp line drive to left fielder Whit Merrifield. Teoscar Hernández to 3rd.
TB,2024-07-25,7,9,16,100.8,line_drive,0.6606153952728953,0.6,halfway,7.112228298498702,6.451612903225807,27.9,86.8,Brandon Lowe singles on a sharp line drive to right fielder George Springer. Alex Jackson scores. Richie Palacios to 3rd. Isaac Paredes to 2nd.
MIA,2024-08-14,2,3,14,107.3,line_drive,0.6510767673439481,0.4,hesitated,6.989104936358033,6.338028169014085,28.4,91.4,Jake Burger singles on a sharp line drive to center fielder Johan Rojas. Xavier Edwards to 3rd.
ATH,2024-06-11,4,1,23,74.5,line_drive,0.6502245966198554,1.2,halfway,7.2195676623132865,6.569343065693431,27.4,90.8,Max Schuemann singles on a line drive to center fielder Jackson Merrill. Seth Brown to 3rd.
CWS,2024-09-08,9,1,31,73.6,fly_ball,0.6491269444764587,2.074070205522289,halfway,7.467308762658277,6.818181818181818,26.4,94.8,Jacob Amaya singles on a fly ball to right fielder Wilyer Abreu. Nicky Lopez scores. Dominic Fletcher to 3rd. Gavin Sheets to 2nd.
TOR,2024-09-29,7,-3,26,73.9,fly_ball,0.6473608740995971,1.7725263593918585,halfway,7.2894272947638035,6.642066420664206,27.1,88.4,Steward Berroa singles on a fly ball to right fielder Jesús Sánchez. Luis De Los Santos to 3rd.
KC,2024-09-26,3,2,10,99.0,line_drive,0.6471076560381777,0.4,hesitated,6.548747000300473,5.901639344262295,30.5,86.2,Yuli Gurriel singles on a line drive to center fielder Jacob Young. Tommy Pham scores. Bobby Witt Jr. to 3rd. Salvador Perez to 2nd.
TEX,2024-09-17,6,0,23,80.1,line_drive,0.6389964602577001,0.6,halfway,7.355414370705461,6.716417910447761,26.8,84.5,Josh Jung singles on a line drive to left fielder Davis Schneider. Adolis García to 3rd. Nathaniel Lowe to 2nd.
CHC,2024-06-19,3,0,15,86.3,line_drive,0.6327171476894984,0.6,halfway,6.632717147689498,6.0,30.0,86.9,Nico Hoerner singles on a line drive to right fielder Mike Yastrzemski. Pete Crow-Armstrong to 3rd.
LAA,2024-05-15,7,5,34,69.6,fly_ball,0.6301250510348639,2.129497788089303,halfway,8.037532458442271,7.407407407407407,24.3,86.9,"Kevin Pillar singles on a fly ball to center fielder Michael Siani. Kevin Pillar out at 2nd on the throw, center fielder Michael Siani to third baseman Nolan Arenado to shortstop Masyn Winn. Willie Calhoun to 3rd."
TEX,2024-04-27,9,-4,17,84.7,line_drive,0.6295235676808426,0.6,halfway,7.151262698115625,6.521739130434782,27.6,,Wyatt Langford singles on a line drive to center fielder Bubba Thompson. Josh Smith to 3rd.
TOR,2024-05-03,2,2,20,80.5,line_drive,0.6291270123437709,0.6,halfway,6.9449164860279815,6.315789473684211,28.5,87.5,Isiah Kiner-Falefa singles on a line drive to right fielder Alex Call.
CIN,2024-09-20,3,1,16,101.9,line_drive,0.6288721979168095,0.6,halfway,6.8788721979168095,6.25,28.8,99.1,Elly De La Cruz singles on a sharp line drive to center fielder Oneil Cruz. Will Benson to 3rd. Jonathan India to 2nd.
SEA,2024-09-04,7,7,16,91.9,line_drive,0.6260402773400191,0.6,halfway,7.031734227517955,6.405693950177936,28.1,89.3,Victor Robles singles on a line drive to center fielder JJ Bleday. Cal Raleigh scores. Randy Arozarena to 3rd. Justin Turner to 2nd.
ATH,2024-05-07,2,-10,20,80.3,line_drive,0.6191178237816528,0.6,halfway,7.093937967666545,6.474820143884892,27.8,91.3,Abraham Toro singles on a line drive to center fielder Leody Taveras. Max Schuemann to 3rd. Brett Harris to 2nd.
PIT,2024-07-13,1,0,22,84.4,line_drive,0.6122457608654797,0.6,halfway,7.32866367131324,6.716417910447761,26.8,88.4,Bryan Reynolds singles on a line drive to right fielder Tommy Pham. Andrew McCutchen to 3rd.
STL,2024-04-08,10,-2,13,102.6,line_drive,0.6112981088496241,0.4,hesitated,6.611298108849624,6.0,30.0,88.1,Paul Goldschmidt singles on a sharp line drive to left fielder Brandon Marsh. Victor Scott II to 3rd.
MIL,2024-04-20,9,6,12,96.6,line_drive,0.6110358341170441,0.4,hesitated,6.754380544014655,6.143344709897611,29.3,86.9,Jackson Chourio singles on a line drive to center fielder Michael Siani.   Blake Perkins scores.    Brice Turang to 3rd.
COL,2024-08-27,6,3,21,74.7,line_drive,0.6092050630538974,1.2,halfway,6.902911356760191,6.293706293706293,28.6,88.4,Charlie Blackmon singles on a line drive to left fielder Jesús Sánchez. Jordan Beck to 3rd.
ATL,2024-05-17,1,0,22,82.8,line_drive,0.609151675233977,0.6,halfway,7.226798734057507,6.61764705882353,27.2,87.2,"Matt Olson singles on a line drive to left fielder Jurickson Profar. Ronald Acuña Jr. scores. Ozzie Albies out at 3rd on the throw, left fielder Jurickson Profar to third baseman Manny Machado."
SF,2024-06-27,10,-2,49,70.3,fly_ball,0.6082235574756298,4.83827155338674,tagged,7.751080700332773,7.142857142857143,25.2,,"Brett Wisely singles on a fly ball to left fielder Seiya Suzuki, deflected by shortstop Dansby Swanson."
TOR,2024-04-16,3,-1,13,102.9,line_drive,0.6072151990742842,0.4,hesitated,6.923004672758495,6.315789473684211,28.5,88.1,George Springer singles on a line drive to center fielder Aaron Judge. Daulton Varsho to 3rd.
MIL,2024-08-02,2,1,32,64.9,fly_ball,0.5999926451795972,1.8817447237481535,halfway,7.714617151108451,7.1146245059288535,25.3,86.2,"Sal Frelick singles on a fly ball to center fielder Jacob Young. Rhys Hoskins to 3rd. Sal Frelick to 2nd. Sal Frelick advances to 2nd, on a throwing error by center fielder Jacob Young."
TEX,2024-05-07,2,5,20,94.6,line_drive,0.5995540533077985,0.6,halfway,7.417735871489617,6.818181818181818,26.4,86.5,Josh Smith singles on a line drive to right fielder Lawrence Butler. Corey Seager scores. Nathaniel Lowe to 3rd. Adolis García to 2nd.
CHC,2024-09-09,9,4,13,91.2,line_drive,0.5967678292933289,0.4,hesitated,6.95719185756188,6.360424028268551,28.3,82.4,Cody Bellinger singles on a line drive to center fielder Tommy Edman. Dansby Swanson scores. Seiya Suzuki to 3rd.
PHI,2024-06-26,8,4,14,96.9,line_drive,0.5929123209068852,0.4,hesitated,6.778479331216163,6.185567010309278,29.1,85.5,Brandon Marsh singles on a line drive to right fielder Wenceel Pérez. Bryson Stott to 3rd.
LAD,2024-06-08,6,1,23,78.2,line_drive,0.5895779977301263,1.2,halfway,7.566322183776638,6.976744186046512,25.8,84.8,Will Smith singles on a line drive to center fielder Trent Grisham. Freddie Freeman to 3rd.
LAD,2024-06-29,11,3,32,68.4,fly_ball,0.5843323282203574,1.9832255640119214,halfway,7.561076514266869,6.976744186046512,25.8,86.9,"Teoscar Hernández singles on a fly ball to second baseman Brett Wisely, deflected by right fielder Austin Slater. Freddie Freeman to 3rd."
STL,2024-09-11,1,0,16,95.8,line_drive,0.5770982452179538,0.6,halfway,6.827098245217954,6.25,28.8,88.5,Paul Goldschmidt singles on a line drive to left fielder Spencer Steer. Masyn Winn to 3rd.
CIN,2024-08-25,7,-2,18,81.8,line_drive,0.573405830318138,0.6,halfway,7.001977258889567,6.428571428571429,28.0,89.9,Elly De La Cruz singles on a line drive to center fielder Michael A. Taylor. Noelvi Marte scores. Jonathan India to 3rd. Elly De La Cruz to 2nd.
CLE,2024-08-28,5,-2,50,65.0,high_fly,0.5721892196022198,4.54069546053398,tagged,6.932613247870771,6.360424028268551,28.3,,Steven Kwan singles on a pop up to shortstop Bobby Witt Jr. Jhonkensy Noel scores.
PHI,2024-05-08,3,-1,18,78.3,line_drive,0.5683865775718147,0.6,halfway,6.753953587881092,6.185567010309278,29.1,94.6,Johan Rojas singles on a line drive to center fielder Kevin Kiermaier. Bryson Stott to 3rd. Edmundo Sosa to 2nd.
COL,2024-06-08,3,1,25,69.8,fly_ball,0.5673061414577116,1.6140239858329473,halfway,7.4114126053360385,6.844106463878327,26.3,86.7,Ezequiel Tovar singles on a line drive to center fielder Dylan Carlson. Alan Trejo to 3rd. Charlie Blackmon to 2nd.
SF,2024-06-20,6,-2,16,99.6,line_drive,0.5668439050716421,0.6,halfway,7.258293719198036,6.691449814126394,26.9,86.9,Austin Slater singles on a line drive to center fielder Michael Siani. Jorge Soler to 3rd. Wilmer Flores to 2nd.
TEX,2024-07-22,10,0,18,109.2,line_drive,0.5650879621130986,0.6,halfway,7.679712468041952,7.1146245059288535,25.3,84.5,Wyatt Langford singles on a line drive to left fielder Andrew Benintendi. Travis Jankowski scores. Corey Seager to 3rd. Josh Smith to 2nd.
TOR,2024-07-27,6,2,14,95.3,line_drive,0.5559173529882022,0.4,hesitated,6.784291055410348,6.228373702422146,28.9,91.3,George Springer singles on a line drive to center fielder Leody Taveras. Steward Berroa to 3rd.
LAA,2024-09-04,1,0,15,96.5,line_drive,0.5543043501721927,0.6,halfway,7.270722260619953,6.716417910447761,26.8,82.4,Nolan Schanuel singles on a line drive to center fielder Tommy Edman. Taylor Ward to 3rd. Zach Neto to 2nd.
CHC,2024-06-21,1,-3,15,93.0,line_drive,0.5535115476600767,0.6,halfway,6.891539716674162,6.338028169014085,28.4,90.1,Cody Bellinger singles on a line drive to center fielder Harrison Bader. Nico Hoerner to 3rd. Seiya Suzuki to 2nd.
SF,2024-06-30,2,1,23,83.6,line_drive,0.5502821077515971,0.6,halfway,7.420511115385185,6.870229007633588,26.2,89.9,"Tyler Fitzgerald singles on a line drive to right fielder Jason Heyward. Nick Ahmed out at 2nd on the throw, right fielder Jason Heyward to first baseman Freddie Freeman to shortstop Enrique Hernández. David Villar to 3rd."
AZ,2024-05-28,2,1,20,90.1,line_drive,0.5437783913044463,0.6,halfway,7.361960209486265,6.818181818181818,26.4,91.3,Jake McCarthy singles on a line drive to center fielder Leody Taveras. Pavin Smith to 3rd.
CHC,2024-08-26,9,8,19,76.0,line_drive,0.5356926700805182,0.6,halfway,6.873720839094603,6.338028169014085,28.4,,Isaac Paredes singles on a line drive to left fielder Billy McKinney. Seiya Suzuki scores. Cody Bellinger to 3rd.
MIL,2024-03-30,8,4,11,110.2,line_drive,0.5355399073626597,0.4,hesitated,6.6788846172602705,6.143344709897611,29.3,90.1,William Contreras singles on a sharp line drive to center fielder Harrison Bader. Sal Frelick to 3rd.
WSH,2024-07-27,9,7,15,71.8,line_drive,0.5334320553338472,0.6,halfway,6.635126970588084,6.101694915254237,29.5,86.9,Harold Ramírez singles on a line drive to center fielder Michael Siani. Jacob Young scores. Nasim Nuñez to 3rd. Lane Thomas to 2nd.
NYY,2024-07-27,10,0,23,67.5,line_drive,0.532732684860501,1.2,halfway,7.102075750553932,6.569343065693431,27.4,88.2,Juan Soto singles on a line drive to center fielder Jarren Duran. Oswaldo Cabrera to 3rd.
AZ,2024-06-15,2,1,11,88.1,line_drive,0.5302462423277499,0.4,hesitated,6.5705146987035885,6.040268456375839,29.8,85.4,Geraldo Perdomo singles on a line drive to center fielder Luis Robert Jr. Jake McCarthy to 3rd. Eugenio Suárez to 2nd.
CIN,2024-08-08,10,5,14,100.3,line_drive,0.5288657819953713,0.4,hesitated,6.9118445053996265,6.382978723404255,28.2,,Jake Fraley singles on a sharp line drive to right fielder Vidal Bruján. Spencer Steer to 3rd. Jeimer Candelario to 2nd.
ATL,2024-09-06,2,1,16,87.1,line_drive,0.5268329169833548,0.6,halfway,6.978445820209162,6.451612903225807,27.9,90.0,Gio Urshela singles on a line drive to right fielder Nathan Lukes. Travis d'Arnaud scores. Jarred Kelenic to 3rd.
LAA,2024-05-09,9,-7,13,84.3,line_drive,0.5186380039018719,0.4,hesitated,6.768638003901872,6.25,28.8,83.9,Zach Neto singles on a line drive to center fielder Garrett Hampson. Jo Adell to 3rd.
BAL,2024-07-29,4,5,18,84.8,line_drive,0.5095421729282696,0.6,halfway,6.892520896332525,6.382978723404255,28.2,86.8,Ryan Mountcastle singles on a line drive to right fielder George Springer. Colton Cowser to 3rd. Gunnar Henderson to 2nd.
SF,2024-06-16,4,2,16,85.7,line_drive,0.5090419692283925,0.6,halfway,6.983862113113284,6.474820143884892,27.8,86.8,Patrick Bailey singles on a line drive to center fielder Kevin Pillar. Brett Wisely to 3rd. Patrick Bailey to 2nd.
TOR,2024-09-06,9,-2,16,85.3,line_drive,0.507969593680885,0.6,halfway,6.757969593680885,6.25,28.8,,Nathan Lukes singles on a line drive to right fielder Eli White. Joey Loperfido to 3rd.
PHI,2024-05-15,5,0,12,107.4,line_drive,0.5058643392360578,0.4,hesitated,6.485930784418782,5.980066445182724,30.1,91.0,J.T. Realmuto singles on a sharp line drive to right fielder Starling Marte. Cristian Pache scores. Johan Rojas to 3rd. Kyle Schwarber to 2nd.
TEX,2024-06-09,1,0,14,102.2,line_drive,0.5047709437006009,0.4,hesitated,6.820560417384812,6.315789473684211,28.5,89.5,Adolis García singles on a sharp line drive to left fielder Michael Conforto. Marcus Semien to 3rd. Josh Smith to 2nd.
ATL,2024-08-17,1,0,15,98.2,line_drive,0.5042525684245858,0.6,halfway,6.864676596693137,6.360424028268551,28.3,87.6,Austin Riley singles on a line drive to left fielder Taylor Ward. Michael Harris II to 3rd.
CHC,2024-07-04,8,7,36,64.2,fly_ball,0.5030209447141498,2.0647145382081806,halfway,7.790470337426701,7.287449392712551,24.7,,Patrick Wisdom singles on a fly ball to right fielder David Dahl. Tomás Nido to 3rd. Nico Hoerner to 2nd.
